Date,Return
08/15/14,-0.002035936210237145
08/14/14,0.0
08/13/14,0.00022621494111705633
08/12/14,-0.020743002595610058
08/11/14,-0.011781085149635709
08/08/14,-0.010232298930138741
08/07/14,-0.019646752409441096
08/06/14,-0.014401732906509562
08/05/14,-0.016671020543678753
08/04/14,-0.002610208405885303
08/01/14,-0.0149308456426635
07/31/14,-0.0053075372764967285
07/30/14,0.02222224070682053
07/29/14,0.019072481953974596
07/28/14,0.027756100815709867
07/25/14,0.02500658563124664
07/24/14,0.03254155569077376
07/23/14,0.037118260089884864
07/22/14,0.03496048156623427
07/21/14,0.025789604822483863
07/18/14,0.03555211381613526
07/17/14,-0.0016009725333489672
07/16/14,0.01393897156456166
07/15/14,0.017628176253456588
07/14/14,0.017784736935193852
07/11/14,0.007883133465151518
07/10/14,-0.006177678672641933
07/09/14,0.0024884739837468086
07/08/14,-0.006195038726894768
07/07/14,0.013225498741429071
07/03/14,0.017541161939823958
07/02/14,0.013373433341677694
07/01/14,0.013956331618814493
06/30/14,0.0010963563372624588
06/27/14,0.004507158031006472
06/26/14,0.0023492733562623797
06/25/14,0.0069608057551545114
06/24/14,-0.017454041475097836
06/23/14,-0.016879769279449678
06/20/14,-0.03182808286764137
06/19/14,-0.034368743165239975
06/18/14,-0.037031245776252435
06/17/14,-0.05505955770681638
06/16/14,-0.05284948671822048
06/13/14,-0.039832949014749326
06/12/14,-0.04054642183788191
06/11/14,-0.02751241966924648
06/10/14,-0.02453668780348414
06/09/14,-0.02180453093309169
06/06/14,-0.03188026918149317
06/05/14,-0.036108918066255234
06/04/14,-0.05218830810021505
06/03/14,-0.05170105021819952
06/02/14,-0.03605673175240343
05/30/14,-0.025685124303504905
05/29/14,-0.02535453325432033
05/28/14,-0.02257019007007628
05/27/14,-0.015139594378434424
05/23/14,-0.03819714848161953
05/22/14,-0.051492195331335096
05/21/14,-0.06214209788410918
05/20/14,-0.07809964734483701
05/19/14,-0.07968325982393314
05/16/14,-0.09400500701134952
05/15/14,-0.095136191348393
05/14/14,-0.08352902519456533
05/13/14,-0.07232221050039593
05/12/14,-0.07783860440393893
05/09/14,-0.09731132992629624
05/08/14,-0.11076304360884266
05/07/14,-0.11257281882360022
05/06/14,-0.1035586611181363
05/05/14,-0.08151044903858103
05/02/14,-0.0813015941517166
05/01/14,-0.07535013042019192
04/30/14,-0.08351166514031269
04/29/14,-0.08170183772009931
04/28/14,-0.10006084511075947
04/25/14,-0.10174883369792291
04/24/14,-0.08612198143747316
04/23/14,-0.08302440899847903
04/22/14,-0.06932911858038095
04/21/14,-0.08010086344656848
04/17/14,-0.06708432748327939
04/16/14,-0.03151485361289129
04/15/14,-0.06649258908228489
04/14/14,-0.07331419246977312
04/11/14,-0.076655341644319
04/10/14,-0.05864438802782584
04/09/14,-0.018289354871462216
04/08/14,-0.034368743165239975
04/07/14,-0.06351685721652256
04/04/14,-0.05483334276569912
04/03/14,-0.008544312083157148
04/02/14,-0.013312405163786543
04/01/14,-0.013034003908817487
03/31/14,-0.030766552789977877
03/28/14,-0.025511095676239454
03/27/14,-0.02817359828725191
03/26/14,-0.016065433775428663
03/25/14,0.007186319402981473
03/24/14,0.006499580993790605
03/21/14,0.028325777191061094
03/20/14,0.04059919807338474
03/19/14,0.04241594445668036
03/18/14,0.05285526064163741
03/17/14,0.036201006750196746
03/14/14,0.01942502017679945
03/13/14,0.03355853537259488
03/12/14,0.04941315481638261
03/11/14,0.04305912263350787
03/10/14,0.05312471562165528
03/07/14,0.05592364152990091
03/06/14,0.06011329815968703
03/05/14,0.05893983610431242
03/04/14,0.05602790974669268
03/03/14,0.04540604674425689
02/28/14,0.056671194074613886
02/27/14,0.05976566898989402
02/26/14,0.06060002180587077
02/25/14,0.0604523012479912
02/24/14,0.05394181453447289
02/21/14,0.04636224013346543
02/20/14,0.04664032119497195
02/19/14,0.045101871655733546
02/18/14,0.052524991526097235
02/14/14,0.045501687139378355
02/13/14,0.04298094844373273
02/12/14,0.031498426296116364
02/11/14,0.03453208881605606
02/10/14,0.01953791447508006
02/07/14,0.023458116124848303
02/06/14,0.00826413932305276
02/05/14,-0.006304017615986448
02/04/14,-0.0106849550360153
02/03/14,-0.014796331324932783
01/31/14,0.026526497013111806
01/30/14,-0.013092693282286624
01/29/14,-0.03783944365884715
01/28/14,-0.02385365076111335
01/27/14,-0.04278538680611043
01/24/14,-0.023140924475999344
01/23/14,0.008385873745190859
01/22/14,0.012662438537516104
01/21/14,0.011515070509158521
01/17/14,6.737462114092783e-05
01/16/14,0.005013209877128855
01/15/14,-0.0015928110804174249
01/14/14,-0.0009148066439907495
01/13/14,-0.02387974304794832
01/10/14,-0.017621353000376906
01/09/14,-0.01756916494634325
01/08/14,-0.008016389631396602
01/07/14,-0.010076498707875118
01/06/14,-0.02879948601710108
01/03/14,-0.0395083633331697
01/02/14,-0.03245023268685165
12/31/13,-0.025852837810794012
12/30/13,-0.035631615764670915
12/27/13,-0.027860758833238866
12/26/13,-0.028677857746056475
12/24/13,-0.03356288060670376
12/23/13,-0.030729232849770798
12/20/13,-0.04331556279338198
12/19/13,-0.05583234636888833
12/18/13,-0.0571101827921484
12/17/13,-0.07005287587831639
12/16/13,-0.06734085639242822
12/13/13,-0.07793673151894068
12/12/13,-0.06996596771577726
12/11/13,-0.06359457547864988
12/10/13,-0.05718835698192354
12/09/13,-0.06285565075560741
12/06/13,-0.07004414190555239
12/05/13,-0.08093556603909956
12/04/13,-0.08020537528882107
12/03/13,-0.08448193834096446
12/02/13,-0.08342147847514601
11/29/13,-0.07897983307068836
11/27/13,-0.07592007652373182
11/26/13,-0.08000546667690783
11/25/13,-0.09085333057809183
11/22/13,-0.10305731124340455
11/21/13,-0.10116239241051565
11/20/13,-0.11138443818912497
11/19/13,-0.10887237952060576
11/18/13,-0.10335286025043924
11/15/13,-0.10160566197542992
11/14/13,-0.10015411711836714
11/13/13,-0.10255312139187447
11/12/13,-0.12053734407478923
11/11/13,-0.12157171165377281
11/08/13,-0.11684314506395105
11/07/13,-0.12386650165612595
11/06/13,-0.111001982759733
11/05/13,-0.11207112265267787
11/04/13,-0.10808137463480498
11/01/13,-0.10727300969475156
10/31/13,-0.10419594703917999
10/30/13,-0.10433504151557092
10/29/13,-0.09927620407002723
10/28/13,-0.11773847037199951
10/25/13,-0.11756460184146543
10/24/13,-0.1085681522266267
10/23/13,-0.10347448852148385
10/22/13,-0.1246922266504322
10/21/13,-0.12790838378239472
10/18/13,-0.12085898710884076
10/17/13,-0.2274431371127121
10/16/13,-0.21941150696857056
10/15/13,-0.23333643352532615
10/14/13,-0.2384648695444303
10/11/13,-0.2420460698460762
10/10/13,-0.24530562537348877
10/09/13,-0.2560666367979533
10/08/13,-0.25797023739815034
10/07/13,-0.2474786809537037
10/04/13,-0.2417331607847888
10/03/13,-0.23848222959868304
10/02/13,-0.22813850334357327
10/01/13,-0.22899900239202278
09/30/13,-0.2386386841293268
09/27/13,-0.23822145464579156
09/26/13,-0.23667427113378917
09/25/13,-0.23749131610096902
09/24/13,-0.22913809686841372
09/23/13,-0.22943364587544832
09/20/13,-0.21499584769985428
09/19/13,-0.21909854396164544
09/18/13,-0.21481330088237563
09/17/13,-0.22977264722357071
09/16/13,-0.22833841021530477
09/13/13,-0.2271997222140734
09/12/13,-0.22373152410198352
09/11/13,-0.2210108785346066
09/10/13,-0.227547405329504
09/09/13,-0.22808631528953963
09/06/13,-0.23544867497001878
09/05/13,-0.23546603502427152
09/04/13,-0.24235897716718172
09/03/13,-0.2521377551210586
08/30/13,-0.2638548520434561
08/29/13,-0.25644041220021885
08/28/13,-0.26242066898082783
08/27/13,-0.26102988605383143
08/26/13,-0.2469137309122889
08/23/13,-0.2435932533580786
08/22/13,-0.24055101870228796
08/21/13,-0.24435821816250025
08/20/13,-0.24775686990648557
08/19/13,-0.24755696129457233
08/16/13,-0.2551539496954701
08/15/13,-0.2527635732436334
08/14/13,-0.24394098867896502
08/13/13,-0.2339970779075
08/12/13,-0.23029414492389771
08/09/13,-0.22603499413146297
08/08/13,-0.2240792072174141
08/07/13,-0.2258263532869675
08/06/13,-0.22068055547342866
08/05/13,-0.21335302379273052
08/02/13,-0.2119883331525691
08/01/13,-0.21403097428351942
07/31/13,-0.22834709024243108
07/30/13,-0.225591670620911
07/29/13,-0.23311043088639608
07/26/13,-0.23043323940028873
07/25/13,-0.22839054432370065
07/24/13,-0.2151783962575149
07/23/13,-0.2143960713988405
07/22/13,-0.2083984545639787
07/19/13,-0.22065446144641185
07/18/13,-0.20841581461823144
07/17/13,-0.20157500484353527
07/16/13,-0.20065363945410766
07/15/13,-0.1962379801853915
07/12/13,-0.1977069912478007
07/11/13,-0.20010604772676374
07/10/13,-0.21249247079864345
07/09/13,-0.2131443812080532
07/08/13,-0.2132747956573178
07/05/13,-0.22335774869971797
07/03/13,-0.22949445827078876
07/02/13,-0.2330756585724347
07/01/13,-0.22823408979305698
06/28/13,-0.2347619905064658
06/27/13,-0.23763041057736004
06/26/13,-0.24060315281068384
06/25/13,-0.247078865470059
06/24/13,-0.24395834873321776
06/21/13,-0.23427521291464418
06/20/13,-0.23096346933319797
06/19/13,-0.217108036939091
06/18/13,-0.21716022325294282
06/17/13,-0.22965091280143252
06/14/13,-0.23939491670116608
06/13/13,-0.23769127865852002
06/12/13,-0.24205474987320255
06/11/13,-0.23524871415264964
06/10/13,-0.22620012868923306
06/07/13,-0.23531826052075416
06/06/13,-0.24843487434291214
06/05/13,-0.25272879918949015
06/04/13,-0.25325034909527305
06/03/13,-0.24583585704657995
05/31/13,-0.2427153403097387
05/30/13,-0.2431152097390211
05/29/13,-0.24524481123796646
05/28/13,-0.23397966390760958
05/24/13,-0.24089002005041027
05/23/13,-0.23265842908889955
05/22/13,-0.22689549317991237
05/21/13,-0.21164065177732036
05/20/13,-0.21028464116428536
05/17/13,-0.20971963717723288
05/16/13,-0.21433520331768044
05/15/13,-0.20388715490014114
05/14/13,-0.22891209422948355
05/13/13,-0.23723054114807757
05/10/13,-0.23488367098296623
05/09/13,-0.2424893916164463
05/08/13,-0.24062051286493658
05/07/13,-0.25487581468832593
05/06/13,-0.25112074759632774
05/03/13,-0.2648805395953134
05/02/13,-0.27888374649293757
05/01/13,-0.28686319032322743
04/30/13,-0.2832646317075106
04/29/13,-0.28805406637849235
04/26/13,-0.3033871359164972
04/25/13,-0.2967115146452088
04/24/13,-0.29293040747183147
04/23/13,-0.29775456225131874
04/22/13,-0.30452582391772853
04/19/13,-0.304734464762224
04/18/13,-0.3342532375500577
04/17/13,-0.3197806670605024
04/16/13,-0.3103843984816552
04/15/13,-0.3203283109933021
04/12/13,-0.3132702325524399
04/11/13,-0.31297468528558714
04/10/13,-0.3131572321030658
04/09/13,-0.32404860403115715
04/08/13,-0.3264823823588076
04/05/13,-0.31935475754984083
04/04/13,-0.30890670913230145
04/03/13,-0.2992322533408543
04/02/13,-0.29328677061438846
04/01/13,-0.3035870445284105
03/28/13,-0.3096716217312673
03/27/13,-0.302309314256244
03/26/13,-0.2938256805744241
03/25/13,-0.29624215105327767
03/22/13,-0.29565973306633475
03/21/13,-0.29483400807202853
03/20/13,-0.29183517355186966
03/19/13,-0.29478182001799486
03/18/13,-0.29785020264644013
03/15/13,-0.2921915349542448
03/14/13,-0.2858983708525302
03/13/13,-0.28262139958504534
03/12/13,-0.28062221253536457
03/11/13,-0.27435508677484727
03/08/13,-0.27722350858592343
03/07/13,-0.2762847814020612
03/06/13,-0.2773452430080616
03/05/13,-0.27106943722041793
03/04/13,-0.28593314316649154
03/01/13,-0.29924093336798063
02/28/13,-0.30357836450128406
02/27/13,-0.3048126928976368
02/26/13,-0.31320068618433533
02/25/13,-0.3126443622244092
02/22/13,-0.30487350703315913
02/21/13,-0.30850689190847497
02/20/13,-0.31117540510763775
02/19/13,-0.29866724935380184
02/15/13,-0.31080162970537223
02/14/13,-0.31520855326114244
02/13/13,-0.31951994431306674
02/12/13,-0.321397450886247
02/11/13,-0.3199024014826406
02/08/13,-0.3173381565002697
02/07/13,-0.32726470721748196
02/06/13,-0.33055035677191136
02/05/13,-0.33440101205357503
02/04/13,-0.34024222656324904
02/01/13,-0.325830470209216
01/31/13,-0.3431367406611601
01/30/13,-0.34475347228144887
01/29/13,-0.34488383278507573
01/28/13,-0.34744807776744663
01/25/13,-0.3448925667578398
01/24/13,-0.3444231509604529
01/23/13,-0.35547097567900604
01/22/13,-0.38904909679845484
01/18/13,-0.3876235398173153
01/17/13,-0.3817041511178663
01/16/13,-0.3783402734280241
01/15/13,-0.3698739998004568
01/14/13,-0.37133432909555786
01/11/13,-0.3567835322107715
01/10/13,-0.35548838967889645
01/09/13,-0.3584089978038244
01/08/13,-0.3625986544336105
01/07/13,-0.361338232010241
01/04/13,-0.3585393583074513
01/03/13,-0.3709692337204186
01/02/13,-0.37133432909555786
12/31/12,-0.3851288951486866
12/28/12,-0.39153506143995714
12/27/12,-0.3860763563053129
12/26/12,-0.3838337526168116
12/24/12,-0.38328616262964954
12/21/12,-0.37795781799863215
12/20/12,-0.37210792172164997
12/19/12,-0.374063656430243
12/18/12,-0.3732292496686285
12/17/12,-0.37348129238893774
12/14/12,-0.3898401034244375
12/13/12,-0.3891968713019722
12/12/12,-0.3936646629389025
12/11/12,-0.3942557609529718
12/10/12,-0.4042170317786896
12/07/12,-0.4052688133575637
12/06/12,-0.3992537842629932
12/05/12,-0.40213088436101385
12/04/12,-0.3993406906853505
12/03/12,-0.39567258396134736
11/30/12,-0.3929606184210968
11/29/12,-0.3985931381406375
11/28/12,-0.4057381769494947
11/27/12,-0.4170033242798516
11/26/12,-0.42531309117131927
11/23/12,-0.41938496849910617
11/21/12,-0.42121034096389043
11/20/12,-0.417646554662135
11/19/12,-0.4191763798600665
11/16/12,-0.4374561515500161
11/15/12,-0.4373866034417297
11/14/12,-0.43278839735553476
11/13/12,-0.4271384636361035
11/12/12,-0.4211842469368736
11/09/12,-0.42367894555114
11/08/12,-0.43301439825428295
11/07/12,-0.420123839276511
11/06/12,-0.40743313496501443
11/05/12,-0.40635531504494316
11/02/12,-0.40204397619847476
11/01/12,-0.402330845178383
10/31/12,-0.408667465101549
10/26/12,-0.4131439367656056
10/25/12,-0.4108752929957252
10/24/12,-0.4112751102195518
10/23/12,-0.40862401102027945
10/22/12,-0.4100842881099246
10/19/12,-0.407372322569674
10/18/12,-0.39588985262751336
10/17/12,-0.3433105552460565
10/16/12,-0.3526894620304691
10/15/12,-0.3559229792166844
10/12/12,-0.35264600968938137
10/11/12,-0.3467961673580369
10/10/12,-0.3528111964526073
10/09/12,-0.35321969370356027
10/08/12,-0.3412679141151062
10/05/12,-0.3327408263520167
10/04/12,-0.33239314323658614
10/03/12,-0.3372172980160733
10/02/12,-0.34200673268705517
10/01/12,-0.3378431700842859
09/28/12,-0.3441711082401437
09/27/12,-0.3424326421977167
09/26/12,-0.34507506136986266
09/25/12,-0.34881276840760805
09/24/12,-0.34862153982282124
09/21/12,-0.36199887639241485
09/20/12,-0.36710122012468405
09/19/12,-0.3676401300847197
09/18/12,-0.3756543479691527
09/17/12,-0.3828689331461144
09/14/12,-0.3831296541533682
09/13/12,-0.3862936771769348
09/12/12,-0.3994710511889774
09/11/12,-0.39833241713338385
09/10/12,-0.3908744692632392
09/07/12,-0.38619803678181336
09/06/12,-0.39206529137286644
09/05/12,-0.40830236798622793
09/04/12,-0.40802423297908375
08/31/12,-0.4045039007585979
08/30/12,-0.4074679090191577
08/29/12,-0.4019657498032438
08/28/12,-0.41131856430082137
08/27/12,-0.4182984668117266
08/24/12,-0.41011906216406774
08/23/12,-0.41170975370297747
08/22/12,-0.4113794306417996
08/21/12,-0.41804637188596155
08/20/12,-0.4128049336773015
08/17/12,-0.41141420469594275
08/16/12,-0.41512576376103366
08/15/12,-0.41975874390137174
08/14/12,-0.41878519045791046
08/13/12,-0.4263040046690333
08/10/12,-0.44195871724108954
08/09/12,-0.44165448820692854
08/08/12,-0.4417588086291763
08/07/12,-0.44322776574594774
08/06/12,-0.4412459387505197
08/03/12,-0.4425410812823947
08/02/12,-0.4534759055515738
08/01/12,-0.4500598415478798
07/31/12,-0.4498077988275706
07/30/12,-0.4503901646090577
07/27/12,-0.4480780145524519
07/26/12,-0.4668532421211674
07/25/12,-0.47152099457546687
07/24/12,-0.4718860377451502
07/23/12,-0.4649844155751136
07/20/12,-0.4690610717555255
07/19/12,-0.4844985156614158
07/18/12,-0.49518992503195614
07/17/12,-0.4986928971981892
07/16/12,-0.5002661747372085
07/13/12,-0.49887544575584986
07/12/12,-0.5041255622514544
07/11/12,-0.503508424156006
07/10/12,-0.4943728800647763
07/09/12,-0.49062649299990446
07/06/12,-0.49065258528673944
07/05/12,-0.48201249707427585
07/03/12,-0.48904453369357703
07/02/12,-0.49544201995772125
06/29/12,-0.49578970307315184
06/28/12,-0.509488680936615
06/27/12,-0.5051512498033116
06/26/12,-0.5091670379025636
06/25/12,-0.512626557727709
06/22/12,-0.5032563292302409
06/21/12,-0.5087063560779407
06/20/12,-0.49801489276176264
06/19/12,-0.49452065282811175
06/18/12,-0.5038039209575849
06/15/12,-0.5093148124060809
06/14/12,-0.5140607929957931
06/13/12,-0.5122875546394048
06/12/12,-0.5088019964730621
06/11/12,-0.505846614293991
06/08/12,-0.495459380011974
06/07/12,-0.4973890746391879
06/06/12,-0.4953551135353639
06/05/12,-0.5041863763869768
06/04/12,-0.49707616557790046
06/01/12,-0.5036909187680289
05/31/12,-0.4951030186095988
05/30/12,-0.4886968523183283
05/29/12,-0.48338586774156356
05/25/12,-0.4858283783017963
05/24/12,-0.47528474169459145
05/23/12,-0.4702432120978446
05/22/12,-0.47777070633609375
05/21/12,-0.4662013299715758
05/18/12,-0.4781183894515243
05/17/12,-0.4584304747803256
05/16/12,-0.45331945102093013
05/15/12,-0.46880902903521626
05/14/12,-0.47498919268755674
05/11/12,-0.47392005279461186
05/10/12,-0.46659246716827596
05/09/12,-0.4705126688180443
05/08/12,-0.4673486979999335
05/07/12,-0.4719034517450407
05/04/12,-0.4810998099717927
05/03/12,-0.4688872571706291
05/02/12,-0.47215549272516805
05/01/12,-0.4746154172852912
04/30/12,-0.47425032191015204
04/27/12,-0.4654450991399183
04/26/12,-0.46501918788907487
04/25/12,-0.4700172111990964
04/24/12,-0.4773621568796849
04/23/12,-0.4805522199846307
04/20/12,-0.48189081659777533
04/19/12,-0.47907452889509516
04/18/12,-0.471990358167398
04/17/12,-0.4701476256483609
04/16/12,-0.47318991424978935
04/13/12,-0.4570831981400547
04/12/12,-0.4341269939686794
04/11/12,-0.4472088337366942
04/10/12,-0.4551187311988794
04/09/12,-0.4516592131139159
04/05/12,-0.45037280281462305
04/04/12,-0.44791287999468177
04/03/12,-0.441419805540872
04/02/12,-0.4376821524487643
03/30/12,-0.4426193076776257
03/29/12,-0.4363870099168893
03/28/12,-0.42999820367987146
03/27/12,-0.43759519208076936
03/26/12,-0.4355873250039622
03/23/12,-0.4414458456222512
03/22/12,-0.438438331074966
03/21/12,-0.4437145433377693
03/20/12,-0.44935579703007417
03/19/12,-0.44892988577923076
03/16/12,-0.45670074271066274
03/15/12,-0.4600993927144663
03/14/12,-0.4645671860915784
03/13/12,-0.46301126686663013
03/12/12,-0.47398959916271644
03/09/12,-0.47824874995515126
03/08/12,-0.4722598131474158
03/07/12,-0.47255536215445043
03/06/12,-0.4741547337204865
03/05/12,-0.4660796494950753
03/02/12,-0.45999507229221853
03/01/12,-0.4589954787673782
02/29/12,-0.462602771355859
02/28/12,-0.46248109087935846
02/27/12,-0.4703736265471092
02/24/12,-0.4698607566684526
02/23/12,-0.4731551401956461
02/22/12,-0.4715644486567364
02/21/12,-0.4662969703666972
02/17/12,-0.4744328687276307
02/16/12,-0.47279872484763324
02/15/12,-0.4736331838147036
02/14/12,-0.46998243714495314
02/13/12,-0.46786156961877196
02/10/12,-0.4733289547805426
02/09/12,-0.46850480000105527
02/08/12,-0.46990421074972216
02/07/12,-0.4725814561814673
02/06/12,-0.4705648551318961
02/03/12,-0.4816561339317188
02/02/12,-0.4914088178585788
02/01/12,-0.4951291108964338
01/31/12,-0.4957549290190086
01/30/12,-0.49785843823111897
01/27/12,-0.4958679294683827
01/26/12,-0.5061942974094216
01/25/12,-0.5049860612999039
01/24/12,-0.49504215052843875
01/23/12,-0.4910524547160218
01/20/12,-0.4906439052596131
01/19/12,-0.4440709047401444
01/18/12,-0.44985993293596654
01/17/12,-0.4536236800550911
01/13/12,-0.4567441967919323
01/12/12,-0.4527023129254817
01/11/12,-0.45590105605755377
01/10/12,-0.45835224838509475
01/09/12,-0.45894334465898223
01/06/12,-0.43498754696276654
01/05/12,-0.4271732376902468
01/04/12,-0.4191155135190884
01/03/12,-0.4216102103931729
12/30/11,-0.43856874552423053
12/29/11,-0.44161103412565894
12/28/11,-0.4439579042907703
12/27/11,-0.4434798606717128
12/23/11,-0.44966002432405333
12/22/11,-0.45265012661162984
12/21/11,-0.4560227382742362
12/20/11,-0.45206776257032466
12/19/11,-0.45949093638632604
12/16/11,-0.45590105605755377
12/15/11,-0.4614814434088805
12/14/11,-0.46275922588650276
12/13/11,-0.45618787283200624
12/12/11,-0.4563965136765017
12/09/11,-0.4546319536070579
12/08/11,-0.4645150519831825
12/07/11,-0.458134925773291
12/06/11,-0.45780465665775083
12/05/11,-0.45617051103757167
12/02/11,-0.4607687188639483
12/01/11,-0.46649687897861053
11/30/11,-0.47899630249986425
11/29/11,-0.49330373843164954
11/28/11,-0.4887316246322896
11/25/11,-0.5106273167323906
11/23/11,-0.5044471513398683
11/22/11,-0.49585056941412997
11/21/11,-0.49503347050131247
11/18/11,-0.48291650414963244
11/17/11,-0.4777098399951156
11/16/11,-0.468496067768473
11/15/11,-0.46407172847263056
11/14/11,-0.46716620338791065
11/11/11,-0.4712080872543613
11/10/11,-0.4827426356190983
11/09/11,-0.4776402918868291
11/08/11,-0.46773988740208955
11/07/11,-0.47122544730861404
11/04/11,-0.4818212684894889
11/03/11,-0.48063912814716986
11/02/11,-0.49166091278434393
11/01/11,-0.4970239775238668
10/31/11,-0.4848635570909173
10/28/11,-0.4783443903502726
10/27/11,-0.47962217282789493
10/26/11,-0.4903657702524689
10/25/11,-0.4931037776142804
10/24/11,-0.4815779075364879
10/21/11,-0.4867323836369712
10/20/11,-0.4926605063091843
10/19/11,-0.4952421113458079
10/18/11,-0.48671502358271845
10/17/11,-0.4937557419693278
10/14/11,-0.48569801779816946
10/13/11,-0.5141129271041891
10/12/11,-0.5232310589357102
10/11/11,-0.5278553590489219
10/10/11,-0.5330793832576916
10/07/11,-0.5522457480231073
10/06/11,-0.5526021111656644
10/05/11,-0.5613030396163782
10/04/11,-0.5637368701494845
10/03/11,-0.5692825095493959
09/30/11,-0.5523152943912119
09/29/11,-0.5414847365986428
09/28/11,-0.5403200085160325
09/27/11,-0.5311931427117472
09/26/11,-0.5376688571113042
09/23/11,-0.5432145226139435
09/22/11,-0.5474302732707464
09/21/11,-0.5313148249284296
09/20/11,-0.5248565245287631
09/19/11,-0.5248217504746199
09/16/11,-0.5248130704474935
09/15/11,-0.5283942707491394
09/14/11,-0.5375124025806605
09/13/11,-0.5397289105019631
09/12/11,-0.5392074145418179
09/09/11,-0.5437882066281224
09/08/11,-0.5350003439121414
09/07/11,-0.5358087105923768
09/06/11,-0.5461090367118546
09/02/11,-0.5437968866552487
09/01/11,-0.5371386254382131
08/31/11,-0.5297849997304981
08/30/11,-0.5300110023694281
08/29/11,-0.5314191453506772
08/26/11,-0.542041060558569
08/25/11,-0.5479691832307821
08/24/11,-0.5451442172411574
08/23/11,-0.5490296448367825
08/22/11,-0.5669790673628262
08/19/11,-0.5732809393345769
08/18/11,-0.5611465850857346
08/17/11,-0.5365736753967983
08/16/11,-0.5314886917187819
08/15/11,-0.5156427523021205
08/12/11,-0.5099580445285461
08/11/11,-0.511383547564048
08/10/11,-0.522787789370796
08/09/11,-0.501578731268974
08/08/11,-0.5253867544616723
08/05/11,-0.4966849761757445
08/04/11,-0.49800621273463624
08/03/11,-0.4774490650422242
08/02/11,-0.4850721996755947
08/01/11,-0.4725814561814673
07/29/11,-0.4752586494077565
07/28/11,-0.46895680353873365
07/27/11,-0.4721902667793112
07/26/11,-0.4588911583451304
07/25/11,-0.461968221000702
07/22/11,-0.4626201314101117
07/21/11,-0.47239022759668037
07/20/11,-0.4825079546932238
07/19/11,-0.4762495629054705
07/18/11,-0.4828643700412366
07/15/11,-0.4805348059847402
07/14/11,-0.5402331020936751
07/13/11,-0.5321319238412471
07/12/11,-0.5358261228520853
07/11/11,-0.5416759651834298
07/08/11,-0.537581948948765
07/07/11,-0.5248826185557799
07/06/11,-0.5346526607967108
07/05/11,-0.5371908134922467
07/01/11,-0.5471086302366949
06/30/11,-0.559842762526733
06/29/11,-0.5675006172686091
06/28/11,-0.5709079751424487
06/27/11,-0.5803390421379852
06/24/11,-0.5872232781510411
06/23/11,-0.5825816458264865
06/22/11,-0.5766796171812902
06/21/11,-0.5714729530267733
06/20/11,-0.5787918307830731
06/17/11,-0.5784093753536811
06/16/11,-0.5650667867355028
06/15/11,-0.5628241830470015
06/14/11,-0.5581130026141604
06/13/11,-0.5612769734322712
06/10/11,-0.5571220891164463
06/09/11,-0.5508462850689845
06/08/11,-0.5487254158026215
06/07/11,-0.5488470962791219
06/06/11,-0.54708253794986
06/03/11,-0.5453267118531803
06/02/11,-0.540998012952459
06/01/11,-0.5431362962187125
05/31/11,-0.5401635539853887
05/27/11,-0.547221632426251
05/26/11,-0.5496293689323405
05/25/11,-0.5482907723191959
05/24/11,-0.5495163684829664
05/23/11,-0.5494033680335922
05/20/11,-0.5445009851186922
05/19/11,-0.5382251810712303
05/18/11,-0.5394768695218357
05/17/11,-0.5389118655347833
05/16/11,-0.5493773279522131
05/13/11,-0.539702870420584
05/12/11,-0.5349221175169105
05/11/11,-0.5345744344014798
05/10/11,-0.5283073625866003
05/09/11,-0.5326360597471396
05/06/11,-0.5347047949051068
05/05/11,-0.5356001219533371
05/04/11,-0.5342788853944452
05/03/11,-0.535930443274333
05/02/11,-0.5318711488883556
04/29/11,-0.5270556741359947
04/28/11,-0.5323840187670122
04/27/11,-0.532566513379035
04/26/11,-0.5368604904310689
04/25/11,-0.5436143398377701
04/21/11,-0.5435708857565005
04/20/11,-0.5430232957693385
04/19/11,-0.546674040698907
04/18/11,-0.5420584745584595
04/15/11,-0.5387032246902879
04/14/11,-0.497145711946005
04/13/11,-0.49908403265470763
04/12/11,-0.5040125618020803
04/11/11,-0.498136625443719
04/08/11,-0.497449940980166
04/07/11,-0.49585056941412997
04/06/11,-0.5009094068596738
04/05/11,-0.5053337444153345
04/04/11,-0.4891748959373857
04/01/11,-0.4855936956357398
03/31/11,-0.4899745808503128
03/30/11,-0.4942511978480939
03/29/11,-0.49434678603775944
03/28/11,-0.4998837193078166
03/25/11,-0.49607651810742237
03/24/11,-0.48986158040093875
03/23/11,-0.49397300889531204
03/22/11,-0.49818007952498855
03/21/11,-0.4988928058101026
03/18/11,-0.5123136486664216
03/17/11,-0.5120528719733483
03/16/11,-0.5157557527514948
03/15/11,-0.5049252489045634
03/14/11,-0.5045514717621159
03/11/11,-0.49871031119807974
03/10/11,-0.4955897944612385
03/09/11,-0.48561978966275665
03/08/11,-0.48515042607082554
03/07/11,-0.4857153778524222
03/04/11,-0.4779271608667374
03/03/11,-0.47015630567548733
03/02/11,-0.47777938636322015
03/01/11,-0.47780548039023696
02/28/11,-0.46681846806702426
02/25/11,-0.46973907619195215
02/24/11,-0.47079953605777075
02/23/11,-0.4686264804775558
02/22/11,-0.4695913016884348
02/18/11,-0.45231985749608977
02/17/11,-0.4565095141258758
02/16/11,-0.4574135212012326
02/15/11,-0.45747433533675486
02/14/11,-0.4539974554573567
02/11/11,-0.45717010630259386
02/10/11,-0.46417604889487823
02/09/11,-0.46412391478648235
02/08/11,-0.4624897709064849
02/07/11,-0.46604487544093215
02/04/11,-0.4689220294845905
02/03/11,-0.4696434880022866
02/02/11,-0.46803538420366836
02/01/11,-0.4688698431707387
01/31/11,-0.47815316350566756
01/28/11,-0.47760557177832363
01/27/11,-0.4638718198607172
01/26/11,-0.46412391478648235
01/25/11,-0.4611598543204667
01/24/11,-0.46883506911659545
01/21/11,-0.4681831587071857
01/20/11,-0.4551969575941104
01/19/11,-0.450868260433571
01/18/11,-0.44401877063174844
01/14/11,-0.45744824130973805
01/13/11,-0.46395872802325633
01/12/11,-0.46380227349261266
01/11/11,-0.46454982603732564
01/10/11,-0.46611442354921856
01/07/11,-0.46417604889487823
01/06/11,-0.466731561644667
01/05/11,-0.47058221518614884
01/04/11,-0.47662333830773607
01/03/11,-0.4746849653935776
12/31/10,-0.48370750903543325
12/30/10,-0.4794569860646689
12/29/10,-0.4775968395457414
12/28/10,-0.479404851956273
12/27/10,-0.4763973374089878
12/23/10,-0.47478928581582536
12/22/10,-0.4736940501556817
12/21/10,-0.4757975593677921
12/20/10,-0.4827600496189888
12/17/10,-0.4864629286569533
12/16/10,-0.4856719237711526
12/15/10,-0.48689751819474125
12/14/10,-0.48289041012261563
12/13/10,-0.4831425050483808
12/10/10,-0.48523733423336474
12/09/10,-0.4858544723288131
12/08/10,-0.4866889312958835
12/07/10,-0.4896443117347727
12/06/10,-0.4972760741898138
12/03/10,-0.501935094411531
12/02/10,-0.5029607802232063
12/01/10,-0.5094539068824718
11/30/10,-0.5169639888610124
11/29/10,-0.4940164629765816
11/26/10,-0.4871582948878146
11/24/10,-0.48283827601421975
11/23/10,-0.4932341903233631
11/22/10,-0.48609788722745184
11/19/10,-0.4864368363701183
11/18/10,-0.48145622705998736
11/17/10,-0.4927648284716139
11/16/10,-0.4926170539680966
11/15/10,-0.4824036864764318
11/12/10,-0.4756063307830052
11/11/10,-0.4635241384854685
11/10/10,-0.45857824928384294
11/09/10,-0.4568919695552678
11/08/10,-0.4551969575941104
11/05/10,-0.4566659686565196
11/04/10,-0.4573700131743253
11/03/10,-0.4609251733945921
11/02/10,-0.4649061874397008
11/01/10,-0.46542773908566554
10/29/10,-0.4665577470597705
10/28/10,-0.4623159023759507
10/27/10,-0.46414995660804326
10/26/10,-0.462298542321698
10/25/10,-0.46412391478648235
10/22/10,-0.46757470063886364
10/21/10,-0.4680441164362506
10/20/10,-0.4715296746025932
10/19/10,-0.471660036846402
10/18/10,-0.4630721349477901
10/15/10,-0.47720570234904125
10/14/10,-0.5298110937575149
10/13/10,-0.5277510386266742
10/12/10,-0.5294112765336884
10/11/10,-0.5316277861951728
10/08/10,-0.5337921617482614
10/07/10,-0.5393030009913016
10/06/10,-0.5355305738450507
10/05/10,-0.5321580161280821
10/04/10,-0.5459612622083373
10/01/10,-0.5431188822188221
09/30/10,-0.5429711077153048
09/29/10,-0.5413196020408727
09/28/10,-0.5417716055785511
09/27/10,-0.5389553196160528
09/24/10,-0.5416672851563035
09/23/10,-0.5536712771613371
09/22/10,-0.5514808354241415
09/21/10,-0.5536886650584997
09/20/10,-0.5581912307495732
09/17/10,-0.5739502376411493
09/16/10,-0.5818514794387543
09/15/10,-0.5822165487111656
09/14/10,-0.582399097268826
09/13/10,-0.5807997257027899
09/10/10,-0.5861280703338073
09/09/10,-0.5860932980198461
09/08/10,-0.5909609590860587
09/07/10,-0.5963327577983457
09/03/10,-0.5912043200390598
09/02/10,-0.5973931915614364
09/01/10,-0.5998704761758122
08/31/10,-0.6088321795794176
08/30/10,-0.6065113512358672
08/27/10,-0.6011743248375416
08/26/10,-0.6079977206123474
08/25/10,-0.6048337515344184
08/24/10,-0.6076413313670624
08/23/10,-0.5966195989353442
08/20/10,-0.5984014929563128
08/19/10,-0.5932296289586672
08/18/10,-0.5809040461250378
08/17/10,-0.5736286485527355
08/16/10,-0.5779139177347332
08/13/10,-0.5772533011954691
08/12/10,-0.5723335060208604
08/11/10,-0.5725681869467351
08/10/10,-0.5621635926104652
08/09/10,-0.5607380617320536
08/06/10,-0.5651971733418576
08/05/10,-0.5583476852802168
08/04/10,-0.559894922737857
08/03/10,-0.5742283987510214
08/02/10,-0.573724261104947
07/30/10,-0.5785571237544705
07/29/10,-0.5784354415377883
07/28/10,-0.5789917393949863
07/27/10,-0.5717945682179151
07/26/10,-0.5749759234528247
07/23/10,-0.5740284901391082
07/22/10,-0.5785918960684319
07/21/10,-0.5849459282513065
07/20/10,-0.5813907976141314
07/19/10,-0.5947855203407056
07/16/10,-0.600496320401115
07/15/10,-0.5705863599513071
07/14/10,-0.5729158700621658
07/13/10,-0.5747760165810932
07/12/10,-0.5863975253138253
07/09/10,-0.5936468584422022
07/08/10,-0.6031474457031153
07/07/10,-0.6086757267889559
07/06/10,-0.6209578276984058
07/02/10,-0.6205406243175985
07/01/10,-0.617985085465082
06/30/10,-0.6132391327182796
06/29/10,-0.6051466605957058
06/28/10,-0.5896571086841476
06/25/10,-0.5891355866212745
06/24/10,-0.5870320513064362
06/23/10,-0.5809909542875769
06/22/10,-0.5773402076178265
06/21/10,-0.5753323126981095
06/18/10,-0.5653623357425374
06/17/10,-0.5653188555585399
06/16/10,-0.5642844879795563
06/15/10,-0.5671355479961979
06/14/10,-0.5800000407898629
06/11/10,-0.5753844729092334
06/10/10,-0.5766796171812902
06/09/10,-0.5879708306957542
06/08/10,-0.5786179900954487
06/07/10,-0.5779747597131653
06/04/10,-0.566500995900859
06/03/10,-0.5605207408604318
06/02/10,-0.5711513360954498
06/01/10,-0.5807127914375229
05/28/10,-0.5778791454207719
05/27/10,-0.5736807809209495
05/26/10,-0.5867104343751126
05/25/10,-0.5853196775508441
05/24/10,-0.5852414511556132
05/21/10,-0.5896831766084365
05/20/10,-0.5871102777016671
05/19/10,-0.5702299707060222
05/18/10,-0.56680522493502
05/17/10,-0.558460685729591
05/14/10,-0.5588431411589829
05/13/10,-0.5559312409040913
05/12/10,-0.5607032876779104
05/11/10,-0.5575219324430009
05/10/10,-0.5465697202766593
05/07/10,-0.571351270810091
05/06/10,-0.5665444778250384
05/05/10,-0.556904794347552508/14/14,0.0
08/14/14,0.0
08/14/14,0.0
08/14/14,0.0
08/14/14,0.0
08/14/14,0.0
08/14/14,0.0
08/14/14,0.0
08/14/14,0.0
08/14/14,0.0
08/14/14,0.0
08/14/14,0.0
08/14/14,0.0
08/14/14,0.0
08/14/14,0.0
08/14/14,0.0
08/14/14,0.0
08/14/14,0.0
08/14/14,0.0
08/14/14,0.0
08/14/14,0.0
08/14/14,0.0
08/14/14,0.0
08/14/14,0.0
08/14/14,0.0
08/14/14,0.0
08/14/14,0.0
08/14/14,0.0
08/14/14,0.0
08/14/14,0.0
08/14/14,0.0
08/14/14,0.0
08/14/14,0.0
08/14/14,0.0
08/14/14,0.0
08/14/14,0.0
08/14/14,0.0
08/14/14,0.0
08/14/14,0.0
08/14/14,0.0
08/14/14,0.0
08/14/14,0.0
08/14/14,0.0
08/14/14,0.0
08/14/14,0.0
08/14/14,0.0
08/14/14,0.0
08/14/14,0.0
08/14/14,0.0
08/14/14,0.0
08/14/14,0.0
08/14/14,0.0
08/14/14,0.0
08/14/14,0.0
08/14/14,0.0
08/14/14,0.0
08/14/14,0.0
08/14/14,0.0
08/14/14,0.0
08/14/14,0.0
08/14/14,0.0
08/14/14,0.0
08/14/14,0.0
08/14/14,0.0
08/14/14,0.0
08/14/14,0.0
08/14/14,0.0
08/14/14,0.0
08/14/14,0.0
08/14/14,0.0
08/14/14,0.0
08/14/14,0.0
08/14/14,0.0
08/14/14,0.0
08/14/14,0.0
08/14/14,0.0
08/14/14,0.0
08/14/14,0.0
08/14/14,0.0
08/14/14,0.0
08/14/14,0.0
08/14/14,0.0
08/14/14,0.0
08/14/14,0.0
08/14/14,0.0
08/14/14,0.0
08/14/14,0.0
08/14/14,0.0
08/14/14,0.0
08/14/14,0.0
08/14/14,0.0
08/14/14,0.0
08/14/14,0.0
08/14/14,0.0
08/14/14,0.0
08/14/14,0.0
08/14/14,0.0
08/14/14,0.0
08/14/14,0.0
08/14/14,0.0
08/14/14,0.0
08/14/14,0.0
08/14/14,0.0
08/14/14,0.0
08/14/14,0.0
08/14/14,0.0
08/14/14,0.0
08/14/14,0.0
08/14/14,0.0
08/14/14,0.0
08/14/14,0.0
08/14/14,0.0
08/14/14,0.0
08/14/14,0.0
08/14/14,0.0
08/14/14,0.0
08/14/14,0.0
08/14/14,0.0
08/14/14,0.0
08/14/14,0.0
08/14/14,0.0
08/14/14,0.0
08/14/14,0.0
08/14/14,0.0
08/14/14,0.0
08/14/14,0.0
08/14/14,0.0
08/14/14,0.0
08/14/14,0.0
08/14/14,0.0
08/14/14,0.0
08/14/14,0.0
08/14/14,0.0
08/14/14,0.0
08/14/14,0.0
08/14/14,0.0
08/14/14,0.0
08/14/14,0.0
08/14/14,0.0
08/14/14,0.0
08/14/14,0.0
08/14/14,0.0
08/14/14,0.0
08/14/14,0.0
08/14/14,0.0
08/14/14,0.0
08/14/14,0.0
08/14/14,0.0
08/14/14,0.0
08/14/14,0.0
08/14/14,0.0
08/14/14,0.0
08/14/14,0.0
08/14/14,0.0
08/14/14,0.0
08/14/14,0.0
08/14/14,0.0
08/14/14,0.0
08/14/14,0.0
08/14/14,0.0
08/14/14,0.0
08/14/14,0.0
08/14/14,0.0
08/14/14,0.0
08/14/14,0.0
08/14/14,0.0
08/14/14,0.0
08/14/14,0.0
08/14/14,0.0
08/14/14,0.0
08/14/14,0.0
08/14/14,0.0
10,-0.48359450858605907
01/06/10,-0.4712863136495922
01/05/10,-0.45761342807296396
01/04/10,-0.4552143715940008
12/31/09,-0.4610989879794885
12/30/09,-0.4587086637331076
12/29/09,-0.4616031238853809
12/28/09,-0.4585869293109694
12/24/09,-0.46240281053848986
12/23/09,-0.4683135731564502
12/22/09,-0.47749257132894957
12/21/09,-0.4796134405953127
12/18/09,-0.4815779075364879
12/17/09,-0.4837335491168123
12/16/09,-0.4804131255082398
12/15/09,-0.48442896755312936
12/14/09,-0.4821776855776836
12/11/09,-0.48671502358271845
12/10/09,-0.4858544723288131
12/09/09,-0.48801016611459347
12/08/09,-0.4897225398701855
12/07/09,-0.4904179043608648
12/04/09,-0.4914957260211179
12/03/09,-0.49086122787141684
12/02/09,-0.4893226704409031
12/01/09,-0.48727129533718866
11/30/09,-0.49324287035048947
11/27/09,-0.4960591580531696
11/25/09,-0.49086122787141684
11/24/09,-0.4931646439552585
11/23/09,-0.4938078760777238
11/20/09,-0.5045775657891328
11/19/09,-0.5019437744386573
11/18/09,-0.4987624435662938
11/17/09,-0.4980323050214712
11/16/09,-0.49908403265470763
11/13/09,-0.5027608733514748
11/12/09,-0.5064116182810434
11/11/09,-0.5040560158833499
11/10/09,-0.5073590794376698
11/09/09,-0.5110532784485079
11/06/09,-0.520971096933138
11/05/09,-0.5231006984320833
11/04/09,-0.5303326436632978
11/03/09,-0.5329750628354438
11/02/09,-0.535843482906338
10/30/09,-0.5339920703601746
10/29/09,-0.5210145510144075
10/28/09,-0.5303586837446769
10/27/09,-0.5234136074933707
10/26/09,-0.5182678114200139
10/23/09,-0.5187198132175104
10/22/09,-0.5183721318422616
10/21/09,-0.520971096933138
10/20/09,-0.5204321869731023
10/19/09,-0.5201105439390509
10/16/09,-0.5220575986205176
10/15/09,-0.5393899091538407
10/14/09,-0.534687434850854
10/13/09,-0.5426929727081606
10/12/09,-0.5444922528861099
10/09/09,-0.5512635145525198
10/08/09,-0.5530627929902872
10/07/09,-0.5501422388109969
10/06/09,-0.5664836097438783
10/05/09,-0.5753670867522528
10/02/09,-0.5787918307830731
10/01/09,-0.5765144547806104
09/30/09,-0.5689956684123975
09/29/09,-0.5666661583015388
09/28/09,-0.5666661583015388
09/25/09,-0.5719249548242699
09/24/09,-0.5681959817592884
09/23/09,-0.566726998539789
09/22/09,-0.566205474736734
09/21/09,-0.5679960748875571
09/18/09,-0.572811575742646
09/17/09,-0.5725855731037158
09/16/09,-0.575566995364166
09/15/09,-0.5849111559373451
09/14/09,-0.5870146634092737
09/11/09,-0.5896049484730237
09/10/09,-0.5906480239220434
09/09/09,-0.5967065070978834
09/08/09,-0.6013568472924742
09/04/09,-0.5990273371816156
09/03/09,-0.6023130128387729
09/02/09,-0.6062331883858133
09/01/09,-0.6038428380367045
08/31/09,-0.5987057202502921
08/28/09,-0.5960285287641848
08/27/09,-0.5948898407629534
08/26/09,-0.5932035349316502
08/25/09,-0.590274246779596
08/24/09,-0.5925690106792212
08/21/09,-0.5956025914106134
08/20/09,-0.5998009559104357
08/19/09,-0.6140909778423305
08/18/09,-0.6129522898410992
08/17/09,-0.6132912929294034
08/14/09,-0.6001573190529926
08/13/09,-0.5981754903173828
08/12/09,-0.6013916196064356
08/11/09,-0.6054248234457598
08/10/09,-0.6031039933620276
08/07/09,-0.6026780821111842
08/06/09,-0.6085366323125649
08/05/09,-0.6078586539788662
08/04/09,-0.6056073702632385
08/03/09,-0.6069285807194025
07/31/09,-0.6148906644954395
07/30/09,-0.6126393807798118
07/29/09,-0.6208100792976164
07/28/09,-0.6176721764037946
07/27/09,-0.6133695193246343
07/24/09,-0.6117006013904938
07/23/09,-0.6198539120111358
07/22/09,-0.6282419331407442
07/21/09,-0.6280593845830837
07/20/09,-0.62608626371751
07/17/09,-0.6260167173494054
07/16/09,-0.6152817999519579
07/15/09,-0.6191324813363495
07/14/09,-0.6308496043614749
07/13/09,-0.6311886074497791
07/10/09,-0.6397938955053716
07/09/09,-0.6432794815146241
07/08/09,-0.6501463574734273
07/07/09,-0.6552399933356603
07/06/09,-0.6439574859510507
07/02/09,-0.644931013291784
07/01/09,-0.6358041735902268
06/30/09,-0.6335441837447447
06/29/09,-0.6313276758234421
06/26/09,-0.630301988271585
06/25/09,-0.6386030733957444
06/24/09,-0.6442356470609228
06/23/09,-0.6473735238520169
06/22/09,-0.645921926789498
06/19/09,-0.634848034146656
06/18/09,-0.6400894445124063
06/17/09,-0.6391333050688356
06/16/09,-0.6384031386811032
06/15/09,-0.6377338403745308
06/12/09,-0.6307192177551201
06/11/09,-0.627103245139513
06/10/09,-0.6239740483755453
06/09/09,-0.6213489909978339
06/08/09,-0.6186109314305666
06/05/09,-0.6137867488081695
06/04/09,-0.617298401001529
06/03/09,-0.6247998012127614
06/02/09,-0.6276247689425678
06/01/09,-0.6292241405086039
05/29/09,-0.6373339987881582
05/28/09,-0.6432708014874977
05/27/09,-0.6474778442742645
05/26/09,-0.6485209179831024
05/22/09,-0.6579606667459471
05/21/09,-0.6553529937850345
05/20/09,-0.654761923613875
05/19/09,-0.6532842586270674
05/18/09,-0.6550574726209095
05/15/09,-0.6610029553473755
05/14/09,-0.6631760109275904
05/13/09,-0.661402796933748
05/12/09,-0.6531712581776933
05/11/09,-0.6453743089594263
05/08/09,-0.6459393129464788
05/07/09,-0.6552573794926411
05/06/09,-0.6492945106091945
05/05/09,-0.6497117400927297
05/04/09,-0.6505896531410695
05/01/09,-0.657795532188177
04/30/09,-0.6558136773498392
04/29/09,-0.659725198972481
04/28/09,-0.666470366611874
04/27/09,-0.6645233136705893
04/24/09,-0.6614462510150176
04/23/09,-0.6656185214878231
04/22/09,-0.6663399800055192
04/21/09,-0.6684174212933407
04/20/09,-0.6703036339963753
04/17/09,-0.6590559006659089
04/16/09,-0.6620981631646093
04/15/09,-0.6701297933087509
04/14/09,-0.6793348594055391
04/13/09,-0.6713380294182686
04/09/09,-0.6762143705116076
04/08/09,-0.6853412084729832
04/07/09,-0.6882531104680567
04/06/09,-0.6799172495495722
04/03/09,-0.6785786546766095
04/02/09,-0.6849065928324672
04/01/09,-0.6922167644589127
03/31/09,-0.6974581765648449
03/30/09,-0.7021259029164164
03/27/09,-0.6977710856261323
03/26/09,-0.6929121306897739
03/25/09,-0.7009263746769349
03/24/09,-0.698231795293665
03/23/09,-0.696988786870186
03/20/09,-0.7130172748445077
03/19/09,-0.7132085016891128
03/18/09,-0.710461762094719
03/17/09,-0.7085146830507063
03/16/09,-0.722118046621776
03/13/09,-0.718006616387221
03/12/09,-0.7187802090133131
03/11/09,-0.7236652579766882
03/10/09,-0.7321314776586177
03/09/09,-0.747151665978245
03/06/09,-0.7317837962833691
03/05/09,-0.7343306272658495
03/04/09,-0.7227873449283484
03/03/09,-0.7170852231548834
03/02/09,-0.7156249460652385
02/27/09,-0.7062112391239548
02/26/09,-0.7069153114846702
02/25/09,-0.7030385900188996
02/24/09,-0.6997268464374533
02/23/09,-0.713104181266865
02/20/09,-0.6988576134162399
02/19/09,-0.702169356997686
02/18/09,-0.6930685852204177
02/17/09,-0.7021519691005235
02/13/09,-0.6890962494622533
02/12/09,-0.6844285231106818
02/11/09,-0.688783314298238
02/10/09,-0.6883747909445572
02/09/09,-0.6707643175611799
02/06/09,-0.6772748042746982
02/05/09,-0.6925383813902362
02/04/09,-0.7018564479363986
02/03/09,-0.704072957597883
02/02/09,-0.7039686632783632
01/30/09,-0.7057418755320237
01/29/09,-0.7015782850863446
01/28/09,-0.6969279448917538
01/27/09,-0.71186990681615
01/26/09,-0.7184846878491882
01/23/09,-0.7177632293314921
01/22/09,-0.7335831025640462
01/21/09,-0.7365558430571882
01/20/09,-0.7542271305760878
01/16/09,-0.739519877420476
01/15/09,-0.7401109493318173
01/14/09,-0.7383898972892808
01/13/09,-0.7267857729733476
01/12/09,-0.7282025959817231
01/09/09,-0.726133834721028
01/08/09,-0.7173373180806486
01/07/09,-0.7201014455722049
01/06/09,-0.7096273031276487
01/05/09,-0.7148513273364184
01/02/09,-0.7207011957704909
12/31/08,-0.732583481196296
12/30/08,-0.7365297490301714
12/29/08,-0.741475638231797
12/26/08,-0.7389201272221901
12/24/08,-0.7366688435065624
12/23/08,-0.7409541144287419
12/22/08,-0.7417450932118148
12/19/08,-0.7303930394591005
12/18/08,-0.7302974251667071
12/17/08,-0.7259860880604205
12/16/08,-0.7172590655826898
12/15/08,-0.7299584220784029
12/12/08,-0.7255340845227423
12/11/08,-0.7390418076986907
12/10/08,-0.7315665015144751
12/09/08,-0.734043786128851
12/08/08,-0.7373989820513849
12/05/08,-0.7531493089158346
12/04/08,-0.7615373022025332
12/03/08,-0.7571129646468726
12/02/08,-0.7608680038959609
12/01/08,-0.7687953153580367
11/28/08,-0.7453523596975676
11/26/08,-0.7461085922694071
11/25/08,-0.7548355886444098
11/24/08,-0.7762271674609825
11/21/08,-0.771889764170589
11/20/08,-0.7743844349419454
11/19/08,-0.7564610524972809
11/18/08,-0.741475638231797
11/17/08,-0.7391287419639576
11/14/08,-0.7305234260654553
11/13/08,-0.7287328276548143
11/12/08,-0.7470560516858515
11/11/08,-0.7292717376148499
11/10/08,-0.7229090254048489
11/07/08,-0.7121654279802749
11/06/08,-0.7120958816121704
11/05/08,-0.7025170383729348
11/04/08,-0.6810472314209493
11/03/08,-0.6988228654648244
10/31/08,-0.6876359462698803
10/30/08,-0.6873491033927
10/29/08,-0.6888180883523812
10/28/08,-0.67947395388193
10/27/08,-0.713599638885813
10/24/08,-0.7050812572525778
10/23/08,-0.6937552696839706
10/22/08,-0.6908433955318067
10/21/08,-0.6846892719608454
10/20/08,-0.6702862478393945
10/17/08,-0.6761795964574645
10/16/08,-0.6931468394585584
10/15/08,-0.7051855776748255
10/14/08,-0.6847240442748068
10/13/08,-0.6688085845927688
10/10/08,-0.7114179032784717
10/09/08,-0.7140429623963649
10/08/08,-0.7061069448044349
10/07/08,-0.6992400688456317
10/06/08,-0.6773356445129486
10/03/08,-0.663688854703519
10/02/08,-0.6605770440965321
10/01/08,-0.6421234317189581
09/30/08,-0.6518587294888375
09/29/08,-0.6688259707497495
09/26/08,-0.6253300328858524
09/25/08,-0.6178894729128703
09/24/08,-0.6217922866654761
09/23/08,-0.6268685624734565
09/22/08,-0.6261123316417989
09/19/08,-0.609588412151257
09/18/08,-0.6183414747103668
09/17/08,-0.6397156691101408
09/16/08,-0.6149949588149592
09/15/08,-0.6228788144555836
09/12/08,-0.6195757770039917
09/11/08,-0.6229744287479769
09/10/08,-0.6400025102471392
09/09/08,-0.6360910164674071
09/08/08,-0.6349697146231565
09/05/08,-0.6138475890464198
09/04/08,-0.60862356483765
09/03/08,-0.5963240499283096
09/02/08,-0.595593911383487
08/29/08,-0.5972975772690429
08/28/08,-0.5881794454375219
08/27/08,-0.592699397285576
08/26/08,-0.5878491223763439
08/25/08,-0.5801564953205066
08/22/08,-0.5735677804715754
08/21/08,-0.5770968466648255
08/20/08,-0.578426735407934
08/19/08,-0.5736460086069882
08/18/08,-0.56686609301618
08/15/08,-0.5565657912592482
08/14/08,-0.5606163551528253
08/13/08,-0.5653623357425374
08/12/08,-0.5631197320540361
08/11/08,-0.5646582633818219
08/08/08,-0.569725833059948
08/07/08,-0.5835377852700573
08/06/08,-0.5772619812225954
08/05/08,-0.5829032349149003
08/04/08,-0.5975496460920801
08/01/08,-0.5933252432510606
07/31/08,-0.5882055116216288
07/30/08,-0.5804259503005245
07/29/08,-0.5800695871579674
07/28/08,-0.5852762252097564
07/25/08,-0.5723595722049675
07/24/08,-0.5865800738714858
07/23/08,-0.5747586286839307
07/22/08,-0.5852849313396107
07/21/08,-0.5925081704409708
07/18/08,-0.581625478540006
07/17/08,-0.5363215804710332
07/16/08,-0.534444073897853
07/15/08,-0.5514026090289107
07/14/08,-0.5465958143036761
07/11/08,-0.5360086714097458
07/10/08,-0.5301240028188023
07/09/08,-0.5292721837974793
07/08/08,-0.5179896746726877
07/07/08,-0.5272208086937649
07/03/08,-0.5332271577612089
07/02/08,-0.5418846060279252
07/01/08,-0.5352002525240547
06/30/08,-0.5424235177281428
06/27/08,-0.5409892807198767
06/26/08,-0.5403373685702851
06/25/08,-0.5210580033554952
06/24/08,-0.5286202716478877
06/23/08,-0.5260908007196599
06/20/08,-0.5250303930592972
06/19/08,-0.5130611472654969
06/18/08,-0.511166278897882
06/17/08,-0.5050121553269207
06/16/08,-0.5021002811747569
06/13/08,-0.503230236943406
06/12/08,-0.5193630453399756
06/11/08,-0.5260995329522421
06/10/08,-0.5183025837339751
06/09/08,-0.5150864283421944
06/06/08,-0.5071504368529924
06/05/08,-0.4903744502795952
06/04/08,-0.5026130988479576
06/03/08,-0.506889661900101
06/02/08,-0.5001966805745598
05/30/08,-0.49080903981738316
05/29/08,-0.49324287035048947
05/28/08,-0.5060726169329212
05/27/08,-0.5124526891971748
05/23/08,-0.5266036705983164
05/22/08,-0.5223965999686399
05/21/08,-0.5219359164038352
05/20/08,-0.49706743160513633
05/19/08,-0.49800621273463624
05/16/08,-0.49578970307315184
05/15/08,-0.49498133639291647
05/14/08,-0.4990666726004548
05/13/08,-0.49324287035048947
05/12/08,-0.49155659236209615
05/09/08,-0.5017612780864527
05/08/08,-0.4932341903233631
05/07/08,-0.4967197502298876
05/06/08,-0.4903222639657434
05/05/08,-0.4828991440953797
05/02/08,-0.4947292414671514
05/01/08,-0.48448110166152536
04/30/08,-0.5008138186700082
04/29/08,-0.5145649306418674
04/28/08,-0.5200845038576718
04/25/08,-0.5270904464499562
04/24/08,-0.5279770395254224
04/23/08,-0.5249782050052635
04/22/08,-0.517581125216279
04/21/08,-0.5325404732976559
04/18/08,-0.5311323303164068
04/17/08,-0.6092494108031347
04/16/08,-0.6044773622891336
04/15/08,-0.6115963070709739
04/14/08,-0.6074066504411878
04/11/08,-0.6023738548172051
04/10/08,-0.5922647816450601
04/09/08,-0.5965152785130965
04/08/08,-0.5933686955921482
04/07/08,-0.5855370001626479
04/04/08,-0.5905176355755067
04/03/08,-0.6043991358939026
04/02/08,-0.5952027498242407
04/01/08,-0.5951940697971144
03/31/08,-0.6171332664437589
03/28/08,-0.6192107077315804
03/27/08,-0.6139953635499371
03/26/08,-0.6017306226947398
03/25/08,-0.6081715630401536
03/24/08,-0.599670567563899
03/20/08,-0.6231482694356014
03/19/08,-0.6244955721786003
03/18/08,-0.6182719283422623
03/17/08,-0.635039260991261
03/14/08,-0.6193497761052434
03/13/08,-0.6149254368094008
03/12/08,-0.6173853352667961
03/11/08,-0.6176808564309209
03/10/08,-0.6404718999417983
03/07/08,-0.6233221379661356
03/06/08,-0.6238871158504601
03/05/08,-0.6108487823691707
03/04/08,-0.6135433617524406
03/03/08,-0.6027476041167428
02/29/08,-0.5904394091802758
02/28/08,-0.586779982483399
02/27/08,-0.588979104247721
02/26/08,-0.5965152785130965
02/25/08,-0.5771750730600563
02/22/08,-0.5586084602331083
02/21/08,-0.5629024111824142
02/20/08,-0.5575653865242705
02/19/08,-0.5576088388653582
02/15/08,-0.5396246440253532
02/14/08,-0.5373559480500169
02/13/08,-0.535295892919176
02/12/08,-0.5496641429864837
02/11/08,-0.5469956297873209
02/08/08,-0.5508810573829459
02/07/08,-0.5610857448474843
02/06/08,-0.5639020308099826
02/05/08,-0.5594776932543218
02/04/08,-0.5693607376848087
02/01/08,-0.5515677435866808
01/31/08,-0.5094973609637414
01/30/08,-0.5234310214932612
01/29/08,-0.5214752345792123
01/28/08,-0.5167293061949559
01/25/08,-0.5076719884989572
01/24/08,-0.500639950139474
01/23/08,-0.5231267924591001
01/22/08,-0.4920694100352968
01/18/08,-0.47824874995515126
01/17/08,-0.47777938636322015
01/16/08,-0.46460195840553975
01/15/08,-0.44573982441446686
01/14/08,-0.4316844834084467
01/11/08,-0.44521827276850207
01/10/08,-0.43784728700653436
01/09/08,-0.4322233933684823
01/08/08,-0.4509290745690933
01/07/08,-0.43565681742642903
01/04/08,-0.4289203837598002
01/03/08,-0.4042952599141024
01/02/08,-0.40441694039060294
12/31/07,-0.3989495552288322
12/28/07,-0.38934464580548955
12/27/07,-0.3909005110848001
12/26/07,-0.38212138060140144
12/24/07,-0.39090924331738236
12/21/07,-0.3944208955107419
12/20/07,-0.40050547271359865
12/19/07,-0.41121429608402954
12/18/07,-0.41470853427749854
12/17/07,-0.41828973283896254
12/14/07,-0.4002707378420864
12/13/07,-0.39671563156745726
12/12/07,-0.39210874545413604
12/11/07,-0.39223915990340064
12/10/07,-0.3755326674926522
12/07/07,-0.3786184084351683
12/06/07,-0.3782794070870459
12/05/07,-0.3928388839989586
12/04/07,-0.40531226743883325
12/03/07,-0.4075983234684222
11/30/07,-0.3976283186699403
11/29/07,-0.39415144053072404
11/28/07,-0.39827154905222373
11/27/07,-0.4145173056927116
11/26/07,-0.4210973405145163
11/23/07,-0.4117966601253347
11/21/07,-0.42586068115848136
11/20/07,-0.43627400946751516
11/19/07,-0.4559966442472193
11/16/07,-0.4492341148133918
11/15/07,-0.45269363289835535
11/14/07,-0.4422368522482337
11/13/07,-0.42583464107710217
11/12/07,-0.4505900714807891
11/09/07,-0.4228618466383225
11/08/07,-0.3968981801251178
11/07/07,-0.36291156349489795
11/06/07,-0.3552189346988787
11/05/07,-0.36924818167788204
11/02/07,-0.38176501745884445
11/01/07,-0.38875354779142024
10/31/07,-0.38545921820986445
10/30/07,-0.3960898134448825
10/29/07,-0.40959751051810295
10/26/07,-0.413622032590119
10/25/07,-0.41891560490717505
10/24/07,-0.41256157272430044
10/23/07,-0.41260502680557
10/22/07,-0.43435299486742757
10/19/07,-0.4396031131032141
10/18/07,-0.44402745065887483
10/17/07,-0.4493644770572005
10/16/07,-0.46455850606445204
10/15/07,-0.46098598578993255
10/12/07,-0.44596582531321516
10/11/07,-0.45934316188280877
10/10/07,-0.4563965136765017
10/09/07,-0.46527128455502187
10/08/07,-0.47010417156709133
10/05/07,-0.4836379626673287
10/04/07,-0.4966937084083266
10/03/07,-0.49235627727502324
10/02/07,-0.4920346359811536
10/01/07,-0.4936340075471896
09/28/07,-0.5069157559271178
09/27/07,-0.5067158473152045
09/26/07,-0.5061421633010257
09/25/07,-0.5054120247562032
09/24/07,-0.5062638437775261
09/21/07,-0.513148107633492
09/20/07,-0.5194673118165857
09/19/07,-0.5246652959439762
09/18/07,-0.5347308889321236
09/17/07,-0.543397071171604
09/14/07,-0.5403982366514453
09/13/07,-0.5438490747092823
09/12/07,-0.5457004872554458
09/11/07,-0.5468478552838034
09/10/07,-0.5528020719830334
09/07/07,-0.54856890732634
09/06/07,-0.5449442546836064
09/05/07,-0.5412240155913892
09/04/07,-0.543527431675231
08/31/07,-0.5521327475737332
08/30/07,-0.5554792634691408
08/29/07,-0.5541928009643922
08/28/07,-0.5598253746295705
08/27/07,-0.5538625057461241
08/24/07,-0.5523500684453552
08/23/07,-0.5547925790055878
08/22/07,-0.5543058031539481
08/21/07,-0.5596428278120918
08/20/07,-0.5671963882344481
08/17/07,-0.5653536278725012
08/16/07,-0.572759415531522
08/15/07,-0.5675180034255899
08/14/07,-0.5579130678995192
08/13/07,-0.5519154249619295
08/10/07,-0.5516981562957635
08/09/07,-0.5525847493712297
08/08/07,-0.5429798416880689
08/07/07,-0.5514634214242511
08/06/07,-0.5566961796057849
08/03/07,-0.5627807307059137
08/02/07,-0.5558182404547172
08/01/07,-0.5541406407532683
07/31/07,-0.5566961796057849
07/30/07,-0.5513851950290202
07/27/07,-0.5550533278557513
07/26/07,-0.5584346195454839
07/25/07,-0.5569047943475525
07/24/07,-0.5532193014665686
07/23/07,-0.5545144178957156
07/20/07,-0.5478996368626775
07/19/07,-0.5231528325404793
07/18/07,-0.5223618259144968
07/17/07,-0.517581125216279
07/16/07,-0.5193282712858324
07/13/07,-0.5200497298035285
07/12/07,-0.5259865325028681
07/11/07,-0.5267340311019433
07/10/07,-0.527716264572531
07/09/07,-0.5283942707491394
07/06/07,-0.5311410103435331
07/05/07,-0.5292026356891929
07/03/07,-0.535539253872177
07/02/07,-0.5389814119028878
06/29/07,-0.5456570331741762
06/28/07,-0.5436491121517314
06/27/07,-0.5425365181775169
06/26/07,-0.5390856801196797
06/25/07,-0.5415542847069292
06/22/07,-0.5436752061787482
06/21/07,-0.5531236610714473
06/20/07,-0.5567222457898919
06/19/07,-0.552949792540913
06/18/07,-0.5521761999148209
06/15/07,-0.5602686720373946
06/14/07,-0.5629197973393949
06/13/07,-0.5608336760244471
06/12/07,-0.5612421993781279
06/11/07,-0.5555313975775367
06/08/07,-0.5519241589346936
06/07/07,-0.5522978821315033
06/06/07,-0.5495251007155486
06/05/07,-0.549012230836892
06/04/07,-0.5592429844855374
06/01/07,-0.5650407188112139
05/31/07,-0.5672050682615745
05/30/07,-0.5666053180632885
05/29/07,-0.5765926829160233
05/25/07,-0.5797131979126825
05/24/07,-0.5877013496130085
05/23/07,-0.5880142847770238
05/22/07,-0.5863714591297181
05/21/07,-0.5909435729290781
05/18/07,-0.5911869338820791
05/17/07,-0.5906306360248809
05/16/07,-0.5891964268595247
05/15/07,-0.6018957833552379
05/14/07,-0.5986101076980804
05/11/07,-0.594298768851612
05/10/07,-0.5988795626780983
05/09/07,-0.5921170071415428
05/08/07,-0.5942379286133617
05/07/07,-0.5938380870269891
05/04/07,-0.5904915693913998
05/03/07,-0.5886575151593073
05/02/07,-0.5951332295588642
05/01/07,-0.5923343280131648
04/30/07,-0.5902655667524697
04/27/07,-0.5836333995624507
04/26/07,-0.5817471868594163
04/25/07,-0.584519992637917
04/24/07,-0.5849198359644715
04/23/07,-0.5835725593242005
04/20/07,-0.5806171788853113
04/19/07,-0.590030885826595
04/18/07,-0.5862410725233633
04/17/07,-0.5890312644588449
04/16/07,-0.5877535098241323
04/13/07,-0.5946899060483122
04/12/07,-0.5937337648645595
04/11/07,-0.5962197573489716
04/10/07,-0.5945073835933796
04/09/07,-0.5930210142168995
04/05/07,-0.5901525663030954
04/04/07,-0.5905784758137571
04/03/07,-0.5892051068866511
04/02/07,-0.6014350736877051
03/30/07,-0.6017566888788469
03/29/07,-0.5993576323998836
03/28/07,-0.5985231995355413
03/27/07,-0.5970107361320444
03/26/07,-0.5958112061523809
03/23/07,-0.5985666536168109
03/22/07,-0.5983841050591503
03/21/07,-0.6031561535731516
03/20/07,-0.6129522898410992
03/19/07,-0.6112573039826696
03/16/07,-0.6168029451227629
03/15/07,-0.6121613110580264
03/14/07,-0.6105880056760974
03/13/07,-0.6149080506524202
03/12/07,-0.6047207510850443
03/09/07,-0.6062766685698108
03/08/07,-0.6047468172691514
03/07/07,-0.6039471323562242
03/06/07,-0.602286920551938
03/05/07,-0.6167160369602237
03/02/07,-0.6186891578257975
03/01/07,-0.610388098804366
02/28/07,-0.6093276371983656
02/27/07,-0.609918707369525
02/26/07,-0.5958720481308132
02/23/07,-0.5909261850319155
02/22/07,-0.5863801391568445
02/21/07,-0.5863714591297181
02/20/07,-0.5896397225271669
02/16/07,-0.591517256943257
02/15/07,-0.5988795626780983
02/14/07,-0.5950028412123275
02/13/07,-0.6009396178089391
02/12/07,-0.6016436884294728
02/09/07,-0.598514493405687
02/08/07,-0.5905697957866306
02/07/07,-0.5914564149648248
02/06/07,-0.5901786324872025
02/05/07,-0.5939336995792008
02/02/07,-0.5814690240093623
02/01/07,-0.5812517292404683
01/31/07,-0.5640845532649151
01/30/07,-0.5703255849984157
01/29/07,-0.571933662694306
01/26/07,-0.5690043745422517
01/25/07,-0.5757408360517904
01/24/07,-0.5661967686068797
01/23/07,-0.5835986255083077
01/22/07,-0.5820427080235411
01/19/07,-0.5742979451191259
01/18/07,-0.5759668386907205
01/17/07,-0.5677526860916463
01/16/07,-0.5616681349915174
01/12/07,-0.5610422907662147
01/11/07,-0.5656317907225552
01/10/07,-0.5745500139421631
01/09/07,-0.577992145870146
01/08/07,-0.5796610377015587
01/05/07,-0.5765231626506466
01/04/07,-0.5799392005516126
01/03/07,-0.5935599241769353
12/29/06,-0.5997400878292756
12/28/06,-0.5979321293643818
12/27/06,-0.5931774687475433
12/26/06,-0.6023043067089187
12/22/06,-0.6039992925673482
12/21/06,-0.6034603826073125
12/20/06,-0.5976365803573471
12/19/06,-0.5926559449444883
12/18/06,-0.5977235146226142
12/15/06,-0.5825120977182001
12/14/06,-0.5809301140493266
12/13/06,-0.5836507857194315
12/12/06,-0.5812256352134515
12/11/06,-0.5793568086673976
12/08/06,-0.579200354136754
12/07/06,-0.5804781105116482
12/06/06,-0.5752019260917547
12/05/06,-0.5766882972084166
12/04/06,-0.5785571237544705
12/01/06,-0.5820774820776843
11/30/06,-0.5785918960684319
11/29/06,-0.5787309644420948
11/28/06,-0.5745152416282018
11/27/06,-0.5786440580197376
11/24/06,-0.5610422907662147
11/22/06,-0.5584259116754478
11/21/06,-0.5570004086399458
11/20/06,-0.5696910590058047
11/17/06,-0.5664401556626086
11/16/06,-0.5689522143311279
11/15/06,-0.5724030262862372
11/14/06,-0.574689082315826
11/13/06,-0.5818775734657711
11/10/06,-0.5883793540494351
11/09/06,-0.5891790389623621
11/08/06,-0.5871189838315214
11/07/06,-0.5892311991734861
11/06/06,-0.5854239997132737
11/03/06,-0.5899004974800584
11/02/06,-0.5915433231273639
11/01/06,-0.5936381505721661
10/31/06,-0.5859107494621856
10/30/06,-0.5857542949315417
10/27/06,-0.586945143143897
10/26/06,-0.5783398289855766
10/25/06,-0.5770359785836654
10/24/06,-0.5885879687912026
10/23/06,-0.582094868234665
10/20/06,-0.6004441601899911
10/19/06,-0.6296587561491197
10/18/06,-0.6355260124803547
10/17/06,-0.6343699644248706
10/16/06,-0.6334051171112637
10/13/06,-0.6285809362290484
10/12/06,-0.6284592279096382
10/11/06,-0.6292763007197277
10/10/06,-0.6291459123731912
10/09/06,-0.627103245139513
10/06/06,-0.634491644901371
10/05/06,-0.6420452053237272
10/04/06,-0.6386639136339947
10/03/06,-0.6487990529902465
10/02/06,-0.6510590428357286
09/29/06,-0.650659201249356
09/28/06,-0.649198896316801
09/27/06,-0.6497725803309798
09/26/06,-0.6463391562730332
09/25/06,-0.6488512149415524
09/22/06,-0.6490250556291767
09/21/06,-0.6463565424300138
09/20/06,-0.6549183781445186
09/19/06,-0.6489989877048877
09/18/06,-0.6395418266823345
09/15/06,-0.6437228032849942
09/14/06,-0.6488512149415524
09/13/06,-0.6465999312259246
09/12/06,-0.6593514235702155
09/11/06,-0.666140071393606
09/08/06,-0.671564004214289
09/07/06,-0.6710077063570907
09/06/06,-0.6695734954515526
09/05/06,-0.6659053626248216
09/01/06,-0.6709120920646973
08/31/06,-0.6709729323029475
08/30/06,-0.6690432655186433
08/29/06,-0.6706078630305362
08/28/06,-0.6688694248310191
08/25/06,-0.6755537522321617
08/24/06,-0.675145202775753
08/23/06,-0.6754059777286444
08/22/06,-0.6711815470447151
08/21/06,-0.6720420739360744
08/18/06,-0.6667745956460351
08/17/06,-0.664653700276944
08/16/06,-0.6629847823428036
08/15/06,-0.6688520369338565
08/14/06,-0.6788828837107705
08/11/06,-0.6796912486508241
08/10/06,-0.6747366794220722
08/09/06,-0.6723550091000897
08/08/06,-0.6688259707497495
08/07/06,-0.6714770960517499
08/04/06,-0.6750409084562331
08/03/06,-0.6737023118430885
08/02/06,-0.6807951625979122
08/01/06,-0.6735979914208408
07/31/06,-0.6639583096835369
07/28/06,-0.6626370992273728
07/27/06,-0.6676090546131054
07/26/06,-0.6649144491271076
07/25/06,-0.6615592514643918
07/24/06,-0.660220656591429
07/21/06,-0.6609073410549821
07/20/06,-0.6635063061458584
07/19/06,-0.6531799382048196
07/18/06,-0.6496595798816058
07/17/06,-0.645452537094839
07/14/06,-0.6492684444250875
07/13/06,-0.6446354903874773
07/12/06,-0.6373166108909958
07/11/06,-0.6309626065510309
07/10/06,-0.6364908580537797
07/07/06,-0.6345350989826406
07/06/06,-0.6321534269204763
07/05/06,-0.6336571859343008
07/03/06,-0.63214474689335
06/30/06,-0.6355086245831921
06/29/06,-0.636829861142084
06/28/06,-0.6469997745524791
06/27/06,-0.6502941319769446
06/26/06,-0.6486426001997847
06/23/06,-0.6480863023425866
06/22/06,-0.6523541853676035
06/21/06,-0.6504592665347148
06/20/06,-0.6634628520645889
06/19/06,-0.6626197130703922
06/16/06,-0.6603944972790534
06/15/06,-0.660133722326162
06/14/06,-0.6658792964407145
06/13/06,-0.6640278560516413
06/12/06,-0.6683565810550904
06/09/06,-0.6639843758676438
06/08/06,-0.6581345074335714
06/07/06,-0.6640365360787677
06/06/06,-0.6610116353745019
06/05/06,-0.6745280646803046
06/02/06,-0.6701819535198748
06/01/06,-0.6674178277685004
05/31/06,-0.6768054406827672
05/30/06,-0.6767011202605194
05/26/06,-0.6685217417155885
05/25/06,-0.6670962125773586
05/24/06,-0.6686086498781276
05/23/06,-0.6735371511825906
05/22/06,-0.6775616471518786
05/19/06,-0.6783700399348419
05/18/06,-0.6775268730977354
05/17/06,-0.6744759044691807
05/16/06,-0.6772574181177177
05/15/06,-0.6729982412225548
05/12/06,-0.6747975196603224
05/11/06,-0.6636106265681062
05/10/06,-0.649720446222584
05/09/06,-0.6446615583117663
05/08/06,-0.6568480710315507
05/05/06,-0.6572653005150858
05/04/06,-0.6568741389558397
05/03/06,-0.6573783027046418
05/02/06,-0.6568306848745701
05/01/06,-0.6532668724700866
04/28/06,-0.6367168606927098
04/27/06,-0.6349001682550519
04/26/06,-0.6297369842845325
04/25/06,-0.628702616705549
04/24/06,-0.6171071724167421
04/21/06,-0.6200625284930853
04/20/06,-0.6392723717023168
04/19/06,-0.6431838672222308
04/18/06,-0.6486252123026222
04/17/06,-0.6463826103543028
04/13/06,-0.6504331986104258
04/12/06,-0.6445311699652296
04/11/06,-0.6439140318697811
04/10/06,-0.6380728434628351
04/07/06,-0.6469562943684816
04/06/06,-0.6425927953108893
04/05/06,-0.6453656289322999
04/04/06,-0.6485382780373551
04/03/06,-0.661263730300267
03/31/06,-0.6610029553473755
03/30/06,-0.6623589381175008
03/29/06,-0.6566742303439264
03/28/06,-0.6721290082013414
03/27/06,-0.6786568810718404
03/24/06,-0.6820381449186632
03/23/06,-0.7028212674070957
03/22/06,-0.7042728923125243
03/21/06,-0.7045336411626878
03/20/06,-0.6973451761154708
03/17/06,-0.7046466416120619
03/16/06,-0.7055332607902561
03/15/06,-0.7005525992746693
03/14/06,-0.6947635710788471
03/13/06,-0.707019631906918
03/10/06,-0.7066371747373442
03/09/06,-0.7018564479363986
03/08/06,-0.6923992869138452
03/07/06,-0.6832116069740377
03/06/06,-0.6800389317662546
03/03/06,-0.6712771613371086
03/02/06,-0.6727809186107512
03/01/06,-0.6829073779398768
02/28/06,-0.6848022724102195
02/27/06,-0.6606726583889256
02/24/06,-0.6719551657735352
02/23/06,-0.6713727756295019
02/22/06,-0.6823076016388628
02/21/06,-0.6813514604551103
02/17/06,-0.67947395388193
02/16/06,-0.6814644609044843
02/15/06,-0.7023953578964343
02/14/06,-0.7015782850863446
02/13/06,-0.6995095516685593
02/10/06,-0.6848109785400738
02/09/06,-0.688148790045809
02/08/06,-0.6791871110047497
02/07/06,-0.6801954123996262
02/06/06,-0.665262158345266
02/03/06,-0.668347901027964
02/02/06,-0.6557528371115889
02/01/06,-0.6507634938286939
01/31/06,-0.6239218881644214
01/30/06,-0.6289981657125836
01/27/06,-0.6232004296467253
01/26/06,-0.6225224513130265
01/25/06,-0.6236263670002965
01/24/06,-0.6149080506524202
01/23/06,-0.6284070938012422
01/20/06,-0.6527800948782652
01/19/06,-0.6206275324801377
01/18/06,-0.6132739050322409
01/17/06,-0.5939771536604702
01/13/06,-0.5947246783622735
01/12/06,-0.5970020561049181
01/11/06,-0.5900482719835757
01/10/06,-0.5916737114739006
01/09/06,-0.594159674375221
01/06/06,-0.5952375221382021
01/05/06,-0.6077717197135991
01/04/06,-0.6129870638952424
01/03/06,-0.6216879923459563
12/30/05,-0.6393940521788172
12/29/05,-0.634795873935532
12/28/05,-0.6291111661619577
12/27/05,-0.6308930584427446
12/23/05,-0.625425645438064
12/22/05,-0.6244607998646389
12/21/05,-0.6294240752232452
12/20/05,-0.6264600130170477
12/19/05,-0.6309278324968877
12/16/05,-0.6261036516146725
12/15/05,-0.6327097247776745
12/14/05,-0.6358302415145156
12/13/05,-0.6371079961492281
12/12/05,-0.6413498129901382
12/09/05,-0.6443138751963357
12/08/05,-0.6430535067186037
12/07/05,-0.6486426001997847
12/06/05,-0.6483644373497307
12/05/05,-0.6472257754512274
12/02/05,-0.6369254754344774
12/01/05,-0.6400633783282993
11/30/05,-0.648042822158589
11/29/05,-0.6492336703709443
11/28/05,-0.6319013598376211
11/25/05,-0.627433540357781
11/23/05,-0.6324402697976567
11/22/05,-0.6379946170676042
11/21/05,-0.6441747807199447
11/18/05,-0.6521281844688553
11/17/05,-0.6493118967661752
11/16/05,-0.6539187846196783
11/15/05,-0.6585691230740872
11/14/05,-0.6549444704313536
11/11/05,-0.6606552722319449
11/10/05,-0.6600468141636229
11/09/05,-0.6704340223429119
11/08/05,-0.6610898617697327
11/07/05,-0.6566307501599288
11/04/05,-0.6606291782049281
11/03/05,-0.6645233136705893
11/02/05,-0.6699733387781072
11/01/05,-0.6702341137309986
10/31/05,-0.676527279572895
10/28/05,-0.6886703399515919
10/27/05,-0.6931120654044151
10/26/05,-0.69104330414372
10/25/05,-0.6984577700896853
10/24/05,-0.6969453327889162
10/21/05,-0.7045510273196683
10/20/05,-0.7364515226349405
10/19/05,-0.731670795833995
10/18/05,-0.7363819762668359
10/17/05,-0.7348869251230477
10/14/05,-0.7425882339461933
10/13/05,-0.7414582520748162
10/12/05,-0.7383898972892808
10/11/05,-0.733930783939295
10/10/05,-0.7299758099755654
10/07/05,-0.7279418210288316
10/06/05,-0.7281504357705992
10/05/05,-0.7299236497644416
10/04/05,-0.7296715809414044
10/03/05,-0.722995959670116
09/30/05,-0.72492562645442
09/29/05,-0.7308711091808859
09/28/05,-0.7340176921018342
09/27/05,-0.7271160681916157
09/26/05,-0.7268205209247629
09/23/05,-0.7258817676381728
09/22/05,-0.7293499657502627
09/21/05,-0.7288892821854579
09/20/05,-0.7323574802975479
09/19/05,-0.735938678859012
09/16/05,-0.7390591938556712
09/15/05,-0.7369556863837428
09/14/05,-0.7366253633225648
09/13/05,-0.729080509030063
09/12/05,-0.7307668148613661
09/09/05,-0.7400240411692782
09/08/05,-0.743240170458331
09/07/05,-0.7436921478932814
09/06/05,-0.7504373155326743
09/02/05,-0.749272561347336
09/01/05,-0.7511848680773874
08/31/05,-0.7514021628462813
08/30/05,-0.7502982488991932
08/29/05,-0.749272561347336
08/26/05,-0.7535056981611196
08/25/05,-0.7543662250524787
08/24/05,-0.7543836112094594
08/23/05,-0.7569825763003359
08/22/05,-0.7618241450797135
08/19/05,-0.7566175070279246
08/18/05,-0.7566261870550509
08/17/05,-0.7521844616022277
08/16/05,-0.7517063918804424
08/15/05,-0.7531406027859804
08/12/05,-0.7481686474002478
08/11/05,-0.7530971487047108
08/10/05,-0.7516803256963352
08/09/05,-0.7465605958070854
08/08/05,-0.7468387308142296
08/05/05,-0.7458825896304769
08/04/05,-0.741206183251779
08/03/05,-0.7415799325513167
08/02/05,-0.7399371069040112
08/01/05,-0.7465258217529422
07/29/05,-0.7498723393885317
07/28/05,-0.7448829961056366
07/27/05,-0.7419015477424584
07/26/05,-0.7426317141301908
07/25/05,-0.7428403288719584
07/22/05,-0.7371469149685296
07/21/05,-0.7271160681916157
07/20/05,-0.7288023740229188
07/19/05,-0.7306277203849751
07/18/05,-0.739632879610032
07/15/05,-0.738198668704494
07/14/05,-0.7384594436573854
07/13/05,-0.7402239497811914
07/12/05,-0.7463780472494249
07/11/05,-0.7450133844521732
07/08/05,-0.7425100058107805
07/07/05,-0.7431097838519762
07/06/05,-0.7466040481481732
07/05/05,-0.7429620093484589
07/01/05,-0.7468387308142296
06/30/05,-0.7443179921185842
06/29/05,-0.7455609744393352
06/28/05,-0.7374945963437783
06/27/05,-0.735669223878994
06/24/05,-0.7416234127353143
06/23/05,-0.7481773535301022
06/22/05,-0.7485337166726591
06/21/05,-0.7498027912802452
06/20/05,-0.7507937047779593
06/17/05,-0.7563567320750332
06/16/05,-0.7588427228192635
06/15/05,-0.7611374588759788
06/14/05,-0.7580517179334626
06/13/05,-0.7542271305760878
06/10/05,-0.7544444514477097
06/09/05,-0.7511327078662634
06/08/05,-0.7569999641974984
06/07/05,-0.7452132913239047
06/06/05,-0.7471082118969753
06/03/05,-0.7563915061291764
06/02/05,-0.7497506310691213
06/01/05,-0.749663724646764
05/31/05,-0.7589904712200527
05/27/05,-0.7687866353309103
05/26/05,-0.7746973440032329
05/25/05,-0.7732979071518381
05/24/05,-0.7774788576517699
05/23/05,-0.7779569273735553
05/20/05,-0.7899869873028779
05/19/05,-0.7920991887233877
05/18/05,-0.7921165748803684
05/17/05,-0.7973579991675736
05/16/05,-0.7991659854753772
05/13/05,-0.8007392769358513
05/12/05,-0.8011912665520748
05/11/05,-0.7989573707336096
05/10/05,-0.8019909532051838
05/09/05,-0.803538176741369
05/06/05,-0.8017997246203968
05/05/05,-0.8027037177742986
05/04/05,-0.8013824951368618
05/03/05,-0.8033904022378516
05/02/05,-0.8067803739547106
04/29/05,-0.8087708948987198
04/28/05,-0.8092489646205052
04/27/05,-0.8089621234835067
04/26/05,-0.8098574226888273
04/25/05,-0.8057025401131844
04/22/05,-0.8124129476198891
04/21/05,-0.8224872328164359
04/20/05,-0.8278068852390539
04/19/05,-0.8336306735675644
04/18/05,-0.8374813410305011
04/15/05,-0.8391937130459114
04/14/05,-0.8335872194862948
04/13/05,-0.832300770903001
04/12/05,-0.8314054699574986
04/11/05,-0.8320399942099278
04/08/05,-0.8330656817617849
04/07/05,-0.8315793123853048
04/06/05,-0.8355255802191802
04/05/05,-0.8360905842062326
04/04/05,-0.8389416320416012
04/01/05,-0.8435050501521979
03/31/05,-0.843096514617244
03/30/05,-0.8431486748283679
03/29/05,-0.8439135874273336
03/28/05,-0.8423055219127162
03/24/05,-0.8441917363559327
03/23/05,-0.8444264312032622
03/22/05,-0.8447567403429852
03/21/05,-0.8427749116073753
03/18/05,-0.8435050501521979
03/17/05,-0.8441569744830625
03/16/05,-0.8473644115637159
03/15/05,-0.8447480463944039
03/14/05,-0.8478946293153522
03/11/05,-0.8454521187551195
03/10/05,-0.8435572103633218
03/09/05,-0.8423663760724215
03/08/05,-0.839019858436832
03/07/05,-0.835881969464465
03/04/05,-0.83841140036851
03/03/05,-0.837446566976358
03/02/05,-0.8390372445938127
03/01/05,-0.8382723337350287
02/28/05,-0.83659473403358
02/25/05,-0.838437480474072
02/24/05,-0.8358124352776335
02/23/05,-0.8314141639060799
02/22/05,-0.8336567536731263
02/18/05,-0.8279372718454088
02/17/05,-0.8279807259266783
02/16/05,-0.827537430259036
02/15/05,-0.8303015560104104
02/14/05,-0.8322486106918772
02/11/05,-0.8371075778095086
02/10/05,-0.8366034279821613
02/09/05,-0.8334742190369206
02/08/05,-0.8273375077256678
02/07/05,-0.8296061775982763
02/04/05,-0.8223655523399355
02/03/05,-0.8167155925177763
02/02/05,-0.8209747955156669
02/01/05,-0.8331960701083215
01/31/05,-0.8299625529221063
01/28/05,-0.8345520528784468
01/27/05,-0.8365165076383491
01/26/05,-0.8355082062434726
01/25/05,-0.8460431889262789
01/24/05,-0.8429139799810383
01/21/05,-0.8363426530292698
01/20/05,-0.8314402300901869
01/19/05,-0.8285022636511882
01/18/05,-0.8227653956664899
01/14/05,-0.8261814335674559
01/13/05,-0.8302146356665984
01/12/05,-0.8301711676638738
01/11/05,-0.8317705392299098
01/10/05,-0.830449316592473
01/07/05,-0.831501084249892
01/06/05,-0.8361079703632134
01/05/05,-0.8317966193354719
01/04/05,-0.8309360941842945
01/03/05,-0.8237997632454734
12/31/04,-0.8324224653009564
12/30/04,-0.8282415008795697
12/29/04,-0.832326851008563
12/28/04,-0.8324485314850635
12/27/04,-0.8331873761597403
12/23/04,-0.8366729621689927
12/22/04,-0.8380637189932613
12/21/04,-0.8402802408360188
12/20/04,-0.8391763268889306
12/17/04,-0.8434702900195096
12/16/04,-0.8466081789918765
12/15/04,-0.843731052791128
12/14/04,-0.8446785122075724
12/13/04,-0.8518409110706824
12/10/04,-0.8507978356216626
12/09/04,-0.8492506260069324
12/08/04,-0.8522494466056363
12/07/04,-0.8509890642064495
12/06/04,-0.8467646474439751
12/03/04,-0.8431921289096375
12/02/04,-0.8440613619308509
12/01/04,-0.8435745982604843
11/30/04,-0.8418187582423496
11/29/04,-0.8426271371038581
11/26/04,-0.8440700541392504
11/24/04,-0.8480945501085384
11/23/04,-0.8543877281317079
11/22/04,-0.8564912512652733
11/19/04,-0.8527535842517106
11/18/04,-0.8543703419747273
11/17/04,-0.8500590048684407
11/16/04,-0.8500242308142975
11/15/04,-0.8393067013140123
11/12/04,-0.841801372085369
11/11/04,-0.8409147650884479
11/10/04,-0.8540921930461282
11/09/04,-0.8533620405798507
11/08/04,-0.8500155368657162
11/05/04,-0.8527970505142531
11/04/04,-0.8394544740773479
11/03/04,-0.833395990901508
11/02/04,-0.8306144789931528
11/01/04,-0.8296061775982763
10/29/04,-0.8342912918470102
10/28/04,-0.8319791539716775
10/27/04,-0.8383505601302598
10/26/04,-0.8419752266944482
10/25/04,-0.8371075778095086
10/22/04,-0.850119845106691
10/21/04,-0.8701554411531384
10/20/04,-0.877882830081846
10/19/04,-0.8714071174224708
10/18/04,-0.8703466697379252
10/15/04,-0.8747362471608977
10/14/04,-0.8765703013929902
10/13/04,-0.8775264547580159
10/12/04,-0.8805687294379894
10/11/04,-0.8824288759569169
10/08/04,-0.8802818883009909
10/07/04,-0.8793083609602576
10/06/04,-0.8808468783665885
10/05/04,-0.8797255904437927
10/04/04,-0.8826027183847232
10/01/04,-0.8847583860677755
09/30/04,-0.8873486711315256
09/29/04,-0.8860622225482317
09/28/04,-0.889730341453508
09/27/04,-0.8972056632993604
09/24/04,-0.8958409865806538
09/23/04,-0.8949804527285671
09/22/04,-0.8971013550583855
09/21/04,-0.8975707377923172
09/20/04,-0.89624951515488
09/17/04,-0.8978749668264782
09/16/04,-0.9009346294036141
09/15/04,-0.9026470014190243
09/14/04,-0.9030903040473941
09/13/04,-0.9065585021594839
09/10/04,-0.9084447235634278
09/09/04,-0.9110697757205937
09/08/04,-0.911078467928993
09/07/04,-0.9117043069337502
09/03/04,-0.9130689888730024
09/02/04,-0.9117651541327277
09/01/04,-0.9128603741312347
08/31/04,-0.9110176224701971
08/30/04,-0.9113305437127577
08/27/04,-0.907731957254131
08/26/04,-0.9062021268356538
08/25/04,-0.9078623386399403
08/24/04,-0.9088445668899823
08/23/04,-0.9049069843037789
08/20/04,-0.9058544384996777
